,99 Cents Only Stores,ADRIA DURAN,ADRIANA SANDOVAL,AIS LTD - USD,AIS Ltd-GBP,ALBERT HARRISON,ALEXANDRA SILVA,ALISA CLEA,ALLYSON PETTY,AMANDA LUKASIK,Amazon,Amazon Import - BEAZB,Amazon Seller Central,Anderson's Bookshop,Apple Annie's,Argyle Toys,"Astrup Drug, Inc",B & M Retail Ltd,Babies to Kids and Book Nest,BARBARA HUESTIS,Bargain Hunt,BARGAINMAX,BARNES & NOBLE,BASIL W. MCINTOSH,Bealls,Big Lots Stores,BMI,BMS,Boscov's,Bow Love,BRANDI BRAVO,BRANDI CUTI,Buc-ee's,Buckeye Custom Supply,buy buy BABY,CARL MILLER,CAROLINE KING,Cascade,CASSIE GLUCK,CDs The Range,Charlene Gordon,CHAYA SCHWARTZ,CHRISTEL BREAZELL,CHRISTINE TAYLOR,Christmas Point,Christophe Mennes,CINDY HEDDAEUS,CK,CKEU LTD,CM School Supply,Conscious Discipline,Coppel,CORPORACION EL ROSADO S.A.,Creative Kids Far East Inc.,Creative Kids Online,CRYSTAL WALKER,CVS,CYNTHIA FUSSY,CYP BRANDS,DARCIE TOTEMEIER,DARIUS MOSLEY,DAVID GOLDSTEIN,dd's Discount,Default Shopify Customer,DISCOVERY CHILDREN'S MUSEUM,DKB - GBP,DKB - USD,Dollar General,Dollar General Domestic,Dollar Tree,Dollar Tree Stores,DONITA LYNNE SMITH,DONNA GINEVAN,Dylan‚Äôs Candy Bar,EDUCATIONAL SERVICES,Educators Resource,EDUCTAORS RESOURCE,ELEGANT MOMMY,Elephants Trunk,ENCORE,Enerdyne,ERIN DICKSON,Evanoff's,FABIOLA DE LEON,Family Dollar,Fat Brain Toys,FEB,Five Below,Fort Vancouver Regional Library,Fred Meyer,Gabe's,GBC Europe Limited,GEPPETTO,Giant Tiger,Goodthings Inc,Grandrabbits Toy Shoppe,Great Little Rewards - GBP,GRETCHEN MURPHY,Grocery Outlet,HALEY FALVO,HANA ZUCKER,HARRODS,HEATHER EGAN,Heather Posey,Hobby Craft - GBP,Hobby Craft - USD,Hobby Lobby,Hudson,I Mart Inc-Barbados,Imagination Station - Whitefish,Imperial Distributors Inc,Inventory Cleanup - FOB,ISLAND SCHOOL & ART SUPPLY,JACQUELINE BRENCE,JEANNETT HERRING,JENNIFER BAUER,JENNIFER KRAUSE,JENNIFER MORROW,JENNIFER RYAN,Jennifer Welsch,JESSICA GREEN,Joann,JOANNA OWEN,JOSEPH SIMPSON,KATELIN MANN,KATHLEEN LORENC,KAYLA PINA,KEAGAN WICKERHAM,KEELA LINDSAY,KELLEY RAFFERTY,KELLY PETERSON,KELSEY SCHULZ,Kiddywampus,Kidtopia,KIM ROBINSON,KINGSBAY YOUTH,KOHLS,KORTNI CALL,KURT MARTIN,KURTZ BROS.,"Lasso The Moon, Inc.",LaunchPAD Children's Museum,LAURA MERRITT,LAUREN TAYLOR,LEARNING EXPRESS,Learning Gizmos,Lekia,LHU MILES,LISA KANE CHARLES,Little Lincoln's Toy Shop,Little People Store,Little Richard's Toy Store,LORI MCOLVIN,LOUISA ODLYZKO,Louisiana Art & Science Museum,Love's Pharmacy & Gifts- Pass Christian,LUVERNE ACE HARDWARE,MAI VANG,Main Street Toys,MARIE DAVIDSOHN,MARK RYSAVY,MARLENE WALKER,MARSHALLS,MARY SHIVERS,MCPS S EDUCATION,MEGAN GALWAY,Meijers,MELISSA FRAZIER,MERCEDES RUSHMORE,MICHAELS,Mix Sales & Services,Mode Imports,MOLLY GRAHAM,Nasa Toys Panama,NASCO,National Energy Foundation,NICOLE ALVAREZ,Non-Foods Marketing,NORTH EASTERN,OLD TIME POTTERY,Olde Tyme Commissary,Ollies,ORBICO,Outset Media,Over The Rainbow Toys,Pacifier,PATRICIA BUCK,PATRICIA SHENOUDA,PATRICIA TRISNO,PEEK A BOO,PENNY MOESCH,Pepco,Pepco - EUR,Pepco - RMB,Pepco - USD,Pop Shelf,Poundland,Poundland - RMB,PREMIUM,QVC,RACHEL COMERFORD,Rainbow Resource Center,REBECCA CLYMER,Red Barn Gifts,Red Planet Group,Reflex Sales Group,RHONDA TOWNSON,Rite Aid,ROBIN MORAN,ROGER JOHNSON,Ross Procurement Inc.,S&S Worldwide,SANDRA ROBERTS,SARAH ROLLINGS,SARAH WRIGHT,SAVANNAH KOON,Scottwood Floral,Serenelife Importing Ltd.,SHACOBY BAILEY,Shady Maple,SHANNA GRIFFIN,SHANNON BANKS,SHERRY ANN ROESNER,SHIRLEY MOORE,SMF,SMG,Smyths Toys,Snapdoodle Toys & Games,SORIANA,STEPHEN HUTCHINSON,SUE STRUTZ,SUSAN LYNCH,SUSANNA BAUM,Tar Heel Trading,TARGET,TEDI,TEDi GmbH & Co. KG,TELEVIEW,TERI DOMINGUEZ,Teri Wilcox,TFH USA,The Paper Store,The Shop at Stepping Stones Museum for Children,THE TOY SHOP,THE WORKS - USD,THE WORKS-GBP,Therapro,THERESA JUHAS,Timberdoodle,TJMAXX,TONY RUBOLINO,Toy Pro DMCC,TOYLAND,Toyology,Toys 4 U,Toys R Us,umc,Urbana Arcadia Toys,VALERIA OWENS,"VECTORIAL NETWORK LOGISTICS, LCC",VENESSA ORLUCK SACC PROGRAM,VERONICA BONFIGLIO,VIRGINIA CATA,VMI,VWR,Waldmeier AG,Walgreens,Walmart Canada,Walmart US,Walmart USA,WESLEY JEFFCOAT,WH Smith,WHSmith High Street Limited,Wild Rose,WILLIAM PARETTI,Wonder Works,WT & T,YOLUNDA GILES,YOSSI ZUCKER,ZUZELL MURGUIDO,Dollarama,
0,Tax Exempt,Tax on Sales,Tax on Sales,Tax Exempt,Tax Exempt,Tax Exempt,Tax on Sales,Tax on Sales,Tax on Sales,Tax on Sales,Tax Exempt,Tax Exempt,Tax Exempt,Tax Exempt,Tax Exempt,Tax on Sales,Tax Exempt,Tax Exempt,Tax Exempt,Tax on Sales,Tax Exempt,Tax Exempt,Tax Exempt,Tax on Sales,Tax Exempt,Tax Exempt,Tax Exempt,Tax Exempt,Tax Exempt,Tax Exempt,Tax on Sales,Tax on Sales,Tax Exempt,Tax Exempt,Tax Exempt,Tax on Sales,Tax on Sales,Tax Exempt,Tax on Sales,Tax Exempt,Tax on Sales,Tax on Sales,Tax on Sales,Tax on Sales,Tax Exempt,Tax on Sales,Tax on Sales,Tax Exempt,VAT,Tax Exempt,Tax Exempt,Tax Exempt,Tax Exempt,Tax Exempt,Tax Exempt,Tax on Sales,Tax Exempt,Tax on Sales,Tax Exempt,Tax on Sales,Tax on Sales,Tax on Sales,Tax Exempt,Tax Exempt,Tax Exempt,Tax Exempt,Tax Exempt,Tax Exempt,Tax Exempt,Tax Exempt,Tax Exempt,Tax on Sales,Tax on Sales,Tax Exempt,Tax on Sales,Tax Exempt,Tax Exempt,Tax Exempt,Tax Exempt,Tax Exempt,Tax Exempt,Tax on Sales,Tax Exempt,Tax on Sales,Tax Exempt,Tax Exempt,Tax Exempt,Tax Exempt,Tax on Sales,Tax Exempt,Tax Exempt,Tax Exempt,Tax Exempt,Tax Exempt,Tax Exempt,Tax Exempt,Tax Exempt,Tax on Sales,Tax Exempt,Tax on Sales,Tax on Sales,Tax Exempt,Tax on Sales,Tax on Sales,Tax Exempt,Tax Exempt,Tax Exempt,Tax Exempt,Tax Exempt,Tax Exempt,Tax Exempt,Tax Exempt,Tax Exempt,Tax on Sales,Tax on Sales,Tax on Sales,Tax on Sales,Tax on Sales,Tax on Sales,Tax on Sales,Tax on Sales,Tax Exempt,Tax on Sales,Tax on Sales,Tax on Sales,Tax on Sales,Tax on Sales,Tax on Sales,Tax on Sales,Tax on Sales,Tax on Sales,Tax on Sales,Tax Exempt,Tax Exempt,Tax on Sales,Tax on Sales,Tax Exempt,Tax on Sales,Tax on Sales,Tax Exempt,Tax Exempt,Tax Exempt,Tax on Sales,Tax on Sales,Tax Exempt,Tax Exempt,Tax Exempt,Tax on Sales,Tax on Sales,Tax Exempt,Tax on Sales,Tax Exempt,Tax on Sales,Tax on Sales,Tax Exempt,Tax Exempt,Tax Exempt,Tax on Sales,Tax Exempt,Tax on Sales,Tax on Sales,Tax on Sales,Tax Exempt,Tax on Sales,Tax on Sales,Tax on Sales,Tax Exempt,Tax on Sales,Tax on Sales,Tax Exempt,Tax Exempt,Tax Exempt,Tax on Sales,Tax Exempt,Tax Exempt,Tax Exempt,Tax on Sales,Tax Exempt,Tax on Sales,Tax Exempt,Tax Exempt,Tax Exempt,Tax Exempt,Tax Exempt,Tax Exempt,Tax Exempt,Tax on Sales,Tax on Sales,Tax on Sales,Tax Exempt,Tax on Sales,Tax Exempt,Tax Exempt,Tax Exempt,Tax Exempt,Tax Exempt,Tax Exempt,Tax Exempt,Tax Exempt,Tax Exempt,Tax on Sales,Tax Exempt,Tax on Sales,Tax Exempt,Tax Exempt,Tax Exempt,Tax on Sales,Tax Exempt,Tax on Sales,Tax on Sales,Tax Exempt,Tax Exempt,Tax on Sales,Tax on Sales,Tax on Sales,Tax on Sales,Tax Exempt,Tax Exempt,Tax on Sales,Tax Exempt,Tax on Sales,Tax on Sales,Tax on Sales,Tax on Sales,Tax Exempt,Tax Exempt,Tax Exempt,Tax Exempt,Tax Exempt,Tax on Sales,Tax on Sales,Tax on Sales,Tax on Sales,Tax Exempt,Tax Exempt,Tax Exempt,Tax Exempt,Tax Exempt,Tax on Sales,Tax on Sales,Tax Exempt,Tax Exempt,Tax on Sales,Tax Exempt,Tax Exempt,VAT,Tax Exempt,Tax on Sales,Tax Exempt,Tax Exempt,Tax on Sales,Tax Exempt,Tax Exempt,Tax Exempt,Tax Exempt,Tax Exempt,Tax on Sales,Tax Exempt,Tax on Sales,Tax Exempt,Tax on Sales,Tax on Sales,Tax on Sales,Tax Exempt,Tax Exempt,Tax Exempt,Tax Exempt,Tax Exempt,Tax Exempt,Tax Exempt,Tax on Sales,Tax Exempt,Tax Exempt,Tax Exempt,Tax on Sales,Tax Exempt,Tax Exempt,Tax on Sales,Tax on Sales,Tax on Sales,Tax on Sales,
1,4000,4000,4000,4000,4000,4000,4000,4000,4000,4000,4000,4000,4000,4000,4000,4000,4000,4000,4000,4000,4000,4000,4000,4000,4000,4000,4000,4000,4000,4000,4000,4000,4000,4000,4000,4000,4000,4000,4000,4000,4000,4000,4000,4000,4000,4000,4000,4000,4000,4000,4000,4000,4000,4000,4000,4000,4000,4000,4000,4000,4000,4000,4000,4000,4000,4000,4000,4000,4000,4000,4000,4000,4000,4000,4000,4000,4000,4000,4000,4000,4000,4000,4000,4000,4000,4000,4000,4000,4000,4000,4000,4000,4000,4000,4000,4000,4000,4000,4000,4000,4000,4000,4000,4000,4000,4000,4000,4000,4000,4000,4000,4000,4000,4000,4000,4000,4000,4000,4000,4000,4000,4000,4000,4000,4000,4000,4000,4000,4000,4000,4000,4000,4000,4000,4000,4000,4000,4000,4000,4000,4000,4000,4000,4000,4000,4000,4000,4000,4000,4000,4000,4000,4000,4000,4000,4000,4000,4000,4000,4000,4000,4000,4000,4000,4000,4000,4000,4000,4000,4000,4000,4000,4000,4000,4000,4000,4000,4000,4000,4000,4000,4000,4000,4000,4000,4000,4000,4000,4000,4000,4000,4000,4000,4000,4000,4000,4000,4000,4000,4000,4000,4000,4000,4000,4000,4000,4000,4000,4000,4000,4000,4000,4000,4000,4000,4000,4000,4000,4000,4000,4000,4000,4000,4000,4000,4000,4000,4000,4000,4000,4000,4000,4000,4000,4000,4000,4000,4000,4000,4000,4000,4000,4000,4000,4000,4000,4000,4000,4000,4000,4000,4000,4000,4000,4000,4000,4000,4000,4000,4000,4000,4000,4000,4000,4000,4000,4000,4000,4000,4000,4000,4000,4000,4000,4000,4000,4000,4000,4000,4000,4000,
2,Tier 1 - Retail Pricing,Tier 1 - Retail Pricing,Tier 1 - Retail Pricing,Tier 1 - Retail Pricing,Tier 1 - Retail Pricing,Tier 1 - Retail Pricing,Tier 1 - Retail Pricing,Tier 1 - Retail Pricing,Tier 1 - Retail Pricing,Tier 1 - Retail Pricing,Tier 1 - Retail Pricing,Tier 2 - Wholesale Pricing,Tier 1 - Retail Pricing,Tier 1 - Retail Pricing,Tier 1 - Retail Pricing,Tier 1 - Retail Pricing,Tier 1 - Retail Pricing,Tier 1 - Retail Pricing,Tier 1 - Retail Pricing,Tier 1 - Retail Pricing,Tier 1 - Retail Pricing,Tier 1 - Retail Pricing,Tier 1 - Retail Pricing,Tier 1 - Retail Pricing,Tier 1 - Retail Pricing,Tier 1 - Retail Pricing,Tier 1 - Retail Pricing,Tier 1 - Retail Pricing,Tier 1 - Retail Pricing,Tier 1 - Retail Pricing,Tier 1 - Retail Pricing,Tier 1 - Retail Pricing,Tier 1 - Retail Pricing,Tier 1 - Retail Pricing,Tier 1 - Retail Pricing,Tier 1 - Retail Pricing,Tier 1 - Retail Pricing,Tier 1 - Retail Pricing,Tier 1 - Retail Pricing,Tier 1 - Retail Pricing,Tier 1 - Retail Pricing,Tier 1 - Retail Pricing,Tier 1 - Retail Pricing,Tier 1 - Retail Pricing,Tier 1 - Retail Pricing,Tier 1 - Retail Pricing,Tier 1 - Retail Pricing,Tier 1 - Retail Pricing,Tier 1 - Retail Pricing,Tier 1 - Retail Pricing,Tier 2 - Wholesale Pricing,Tier 1 - Retail Pricing,Tier 1 - Retail Pricing,Tier 1 - Retail Pricing,Tier 1 - Retail Pricing,Tier 1 - Retail Pricing,Tier 1 - Retail Pricing,Tier 1 - Retail Pricing,Tier 1 - Retail Pricing,Tier 1 - Retail Pricing,Tier 1 - Retail Pricing,Tier 1 - Retail Pricing,Tier 1 - Retail Pricing,Tier 1 - Retail Pricing,Tier 1 - Retail Pricing,Tier 1 - Retail Pricing,Tier 1 - Retail Pricing,Tier 1 - Retail Pricing,Tier 1 - Retail Pricing,Tier 1 - Retail Pricing,Tier 1 - Retail Pricing,Tier 1 - Retail Pricing,Tier 1 - Retail Pricing,Tier 1 - Retail Pricing,Tier 1 - Retail Pricing,Tier 1 - Retail Pricing,Tier 1 - Retail Pricing,Tier 1 - Retail Pricing,Tier 1 - Retail Pricing,Tier 1 - Retail Pricing,Tier 1 - Retail Pricing,Tier 1 - Retail Pricing,Tier 1 - Retail Pricing,Tier 1 - Retail Pricing,Tier 2 - Wholesale Pricing,Tier 1 - Retail Pricing,Tier 1 - Retail Pricing,Tier 1 - Retail Pricing,Tier 1 - Retail Pricing,Tier 1 - Retail Pricing,Tier 1 - Retail Pricing,Tier 1 - Retail Pricing,Tier 1 - Retail Pricing,Tier 1 - Retail Pricing,Tier 1 - Retail Pricing,Tier 1 - Retail Pricing,Tier 1 - Retail Pricing,Tier 1 - Retail Pricing,Tier 1 - Retail Pricing,Tier 1 - Retail Pricing,Tier 1 - Retail Pricing,Tier 1 - Retail Pricing,Tier 1 - Retail Pricing,Tier 1 - Retail Pricing,Tier 1 - Retail Pricing,Tier 1 - Retail Pricing,Tier 1 - Retail Pricing,Tier 1 - Retail Pricing,Tier 1 - Retail Pricing,Tier 1 - Retail Pricing,Tier 1 - Retail Pricing,Tier 1 - Retail Pricing,Tier 1 - Retail Pricing,Tier 1 - Retail Pricing,Tier 1 - Retail Pricing,Tier 1 - Retail Pricing,Tier 1 - Retail Pricing,Tier 1 - Retail Pricing,Tier 1 - Retail Pricing,Tier 1 - Retail Pricing,Tier 1 - Retail Pricing,Tier 1 - Retail Pricing,Tier 1 - Retail Pricing,Tier 1 - Retail Pricing,Tier 1 - Retail Pricing,Tier 1 - Retail Pricing,Tier 1 - Retail Pricing,Tier 1 - Retail Pricing,Tier 1 - Retail Pricing,Tier 1 - Retail Pricing,Tier 1 - Retail Pricing,Tier 1 - Retail Pricing,Tier 1 - Retail Pricing,Tier 1 - Retail Pricing,Tier 1 - Retail Pricing,Tier 1 - Retail Pricing,Tier 1 - Retail Pricing,Tier 1 - Retail Pricing,Tier 1 - Retail Pricing,Tier 1 - Retail Pricing,Tier 1 - Retail Pricing,Tier 1 - Retail Pricing,Tier 1 - Retail Pricing,Tier 1 - Retail Pricing,Tier 1 - Retail Pricing,Tier 1 - Retail Pricing,Tier 2 - Wholesale Pricing,Tier 1 - Retail Pricing,Tier 1 - Retail Pricing,Tier 1 - Retail Pricing,Tier 1 - Retail Pricing,Tier 1 - Retail Pricing,Tier 1 - Retail Pricing,Tier 1 - Retail Pricing,Tier 1 - Retail Pricing,Tier 1 - Retail Pricing,Tier 1 - Retail Pricing,Tier 1 - Retail Pricing,Tier 1 - Retail Pricing,Tier 1 - Retail Pricing,Tier 1 - Retail Pricing,Tier 1 - Retail Pricing,Tier 1 - Retail Pricing,Tier 1 - Retail Pricing,Tier 1 - Retail Pricing,Tier 1 - Retail Pricing,Tier 1 - Retail Pricing,Tier 1 - Retail Pricing,Tier 1 - Retail Pricing,Tier 1 - Retail Pricing,Tier 1 - Retail Pricing,Tier 1 - Retail Pricing,Tier 1 - Retail Pricing,Tier 1 - Retail Pricing,Tier 1 - Retail Pricing,Tier 1 - Retail Pricing,Tier 1 - Retail Pricing,Tier 1 - Retail Pricing,Tier 1 - Retail Pricing,Tier 1 - Retail Pricing,Tier 1 - Retail Pricing,Tier 1 - Retail Pricing,Tier 2 - Wholesale Pricing,Tier 1 - Retail Pricing,Tier 1 - Retail Pricing,Tier 1 - Retail Pricing,Tier 1 - Retail Pricing,Tier 1 - Retail Pricing,Tier 1 - Retail Pricing,Tier 1 - Retail Pricing,Tier 1 - Retail Pricing,Tier 1 - Retail Pricing,Tier 1 - Retail Pricing,Tier 1 - Retail Pricing,Tier 1 - Retail Pricing,Tier 1 - Retail Pricing,Tier 1 - Retail Pricing,Tier 2 - Wholesale Pricing,Tier 1 - Retail Pricing,Tier 1 - Retail Pricing,Tier 1 - Retail Pricing,Tier 1 - Retail Pricing,Tier 1 - Retail Pricing,Tier 1 - Retail Pricing,Tier 1 - Retail Pricing,Tier 1 - Retail Pricing,Tier 1 - Retail Pricing,Tier 1 - Retail Pricing,Tier 1 - Retail Pricing,Tier 1 - Retail Pricing,Tier 1 - Retail Pricing,Tier 1 - Retail Pricing,Tier 1 - Retail Pricing,Tier 1 - Retail Pricing,Tier 1 - Retail Pricing,Tier 1 - Retail Pricing,Tier 1 - Retail Pricing,Tier 1 - Retail Pricing,Tier 1 - Retail Pricing,Tier 1 - Retail Pricing,Tier 1 - Retail Pricing,Tier 1 - Retail Pricing,Tier 1 - Retail Pricing,Tier 1 - Retail Pricing,Tier 1 - Retail Pricing,Tier 1 - Retail Pricing,Tier 1 - Retail Pricing,Tier 1 - Retail Pricing,Tier 1 - Retail Pricing,Tier 1 - Retail Pricing,Tier 1 - Retail Pricing,Tier 1 - Retail Pricing,Tier 1 - Retail Pricing,Tier 1 - Retail Pricing,Tier 1 - Retail Pricing,Tier 1 - Retail Pricing,Tier 1 - Retail Pricing,Tier 1 - Retail Pricing,Tier 1 - Retail Pricing,Tier 1 - Retail Pricing,Tier 1 - Retail Pricing,Tier 1 - Retail Pricing,Tier 1 - Retail Pricing,Tier 1 - Retail Pricing,Tier 1 - Retail Pricing,Tier 1 - Retail Pricing,Tier 1 - Retail Pricing,Tier 1 - Retail Pricing,Tier 1 - Retail Pricing,Tier 1 - Retail Pricing,Tier 1 - Retail Pricing,Tier 1 - Retail Pricing,Tier 1 - Retail Pricing,Tier 1 - Retail Pricing,Tier 1 - Retail Pricing,Tier 1 - Retail Pricing,Tier 1 - Retail Pricing,Tier 1 - Retail Pricing,Tier 1 - Retail Pricing,Tier 1 - Retail Pricing,Tier 1 - Retail Pricing,Tier 1 - Retail Pricing,Tier 1 - Retail Pricing,Tier 1 - Retail Pricing,Tier 1 - Retail Pricing,Tier 1 - Retail Pricing,Tier 1 - Retail Pricing,Tier 1 - Retail Pricing,Tier 1 - Retail Pricing,Tier 1 - Retail Pricing,Tier 1 - Retail Pricing,Tier 1 - Retail Pricing,Tier 1 - Retail Pricing,Tier 1 - Retail Pricing,Tier 1 - Retail Pricing,Tier 1 - Retail Pricing,Tier 1 - Retail Pricing,Tier 1 - Retail Pricing,Tier 1 - Retail Pricing,Tier 1 - Retail Pricing,Tier 1 - Retail Pricing,
3,0,0,0,0,0,0,0,0,0,0,0,0,0,0,0,0,0,0,0,0,0,0,0,0,0,0,0,0,0,0,0,0,0,0,0,0,0,0,0,0,0,0,0,0,0,0,0,0,0,0,0,0,0,0,0,0,0,0,0,0,0,0,0,0,0,0,0,0,0,0,0,0,0,0,0,0,0,0,0,0,0,0,0,0,0,0,0,0,0,0,0,0,0,0,0,0,0,0,0,0,0,0,0,0,0,0,0,0,0,0,0,0,0,0,0,0,0,0,0,0,0,0,0,0,0,0,0,0,0,0,0,0,0,0,0,0,0,0,0,0,0,0,0,0,0,0,0,0,0,0,0,0,0,0,0,0,0,0,0,0,0,0,0,0,0,0,0,0,0,0,0,0,0,0,0,0,0,0,0,0,0,0,0,0,0,0,0,0,0,0,0,0,0,0,0,0,0,0,0,0,0,0,0,0,0,0,0,0,0,0,0,0,0,0,0,0,0,0,0,0,0,0,0,0,0,0,0,0,0,0,0,0,0,0,0,0,0,0,0,0,0,0,0,0,0,0,0,0,0,0,0,0,0,0,0,0,0,0,0,0,0,0,0,0,0,0,0,0,0,0,0,0,0,0,0,0,0,0,0,0,0,
4,Daniel,Robyn Relph,Robyn Relph,Robyn Relph,,AM Sid,Robyn Relph,Robyn Relph,AM Sid,Robyn Relph,,Simon Fuerst,,AM Sid,Stephen Hall,AM Sid,Simon Fuerst,Grant Gie,Stephen Hall,Robyn Relph,Zivi,AM Sid,AM Sid,Robyn Relph,AM Sid,Zivi,AM Sid,Maria De Freitas,,Stephen Hall,Kelly O‚ÄôConnell,Robyn Relph,Jodie Pederson,Simon Fuerst,Jodie Pederson,Robyn Relph,Robyn Relph,AM Sid,AM Sid,,Robyn Relph,Robyn Relph,Robyn Relph,AM Sid,Simon Fuerst,AM Sid,AM Sid,AM Sid,,AM Sid,Stephen Hall,Maria De Freitas,Maria De Freitas,Simon Fuerst,Simon Fuerst,Kelly O‚ÄôConnell,Daniel,Robyn Relph,AM Sid,Robyn Relph,Kelly O‚ÄôConnell,Robyn Relph,Stephen Hall,,AM Sid,AM Sid,AM Sid,Northern Group,Northern Group,,Daniel,AM Sid,AM Sid,AM Sid,AM Sid,AM Sid,AM Sid,AM Sid,AM Sid,AM Sid,Stephen Hall,Kelly O‚ÄôConnell,Simon Fuerst,AM Sid,Simon Fuerst,Simon Fuerst,AM Sid,Les Friedland,Robyn Relph,,,Robyn Relph,AM Sid,AM Sid,Stephen Hall,AM Sid,Robyn Relph,Robyn Relph,AM Sid,Robyn Relph,Robyn Relph,AM Sid,Robyn Relph,Robyn Relph,Grant Gie,Grant Gie,,AM Sid,Simon Fuerst,Stephen Hall,Les Friedland,AM Sid,Stephen Hall,Robyn Relph,Robyn Relph,Robyn Relph,Robyn Relph,Robyn Relph,Robyn Relph,Kelly O‚ÄôConnell,AM Sid,AM Sid,AM Sid,AM Sid,Robyn Relph,Robyn Relph,Robyn Relph,AM Sid,Robyn Relph,Robyn Relph,AM Sid,Robyn Relph,Simon Fuerst,Stephen Hall,Robyn Relph,Robyn Relph,AM Sid,Robyn Relph,Robyn Relph,AM Sid,Simon Fuerst,Simon Fuerst,AM Sid,Robyn Relph,AM Sid,AM Sid,Maria De Freitas,AM Sid,AM Sid,Simon Fuerst,Robyn Relph,Stephen Hall,Robyn Relph,AM Sid,Simon Fuerst,Stephen Hall,Simon Fuerst,Robyn Relph,Stephen Hall,Robyn Relph,AM Sid,AM Sid,AM Sid,Robyn Relph,AM Sid,Robyn Relph,TJ Hughes,Robyn Relph,Robyn Relph,Jodie Pederson,Stephen Hall,,Robyn Relph,Maria De Freitas,AM Sid,AM Sid,Robyn Relph,AM Sid,AM Sid,Kelly O‚ÄôConnell,Stephen Hall,,Maria De Freitas,Maria De Freitas,AM Sid,AM Sid,AM Sid,Robyn Relph,Robyn Relph,AM Sid,Robyn Relph,,Daniel,Daniel,Daniel,Max,,Daniel,AM Sid,,Robyn Relph,AM Sid,AM Sid,Stephen Hall,AM Sid,,Robyn Relph,AM Sid,AM Sid,Robyn Relph,Les Friedland,AM Sid,Robyn Relph,AM Sid,AM Sid,AM Sid,Stephen Hall,,AM Sid,AM Sid,Kelly O‚ÄôConnell,Robyn Relph,Robyn Relph,Robyn Relph,AM Sid,AM Sid,,AM Sid,Maria De Freitas,Robyn Relph,AM Sid,Robyn Relph,Robyn Relph,,Diverse Marketing,,Maria De Freitas,AM Sid,Robyn Relph,Robyn Relph,AM Sid,AM Sid,Robyn Relph,Simon Fuerst,Robyn Relph,AM Sid,AM Sid,AM Sid,AM Sid,AM Sid,Robyn Relph,Maria De Freitas,AM Sid,Stephen Hall,Stephen Hall,Stephen Hall,Robyn Relph,AM Sid,Robyn Relph,Stephen Hall,Robyn Relph,Robyn Relph,AM Sid,Kelly O‚ÄôConnell,AM Sid,Maria De Freitas,AM Sid,Maria De Freitas,Retail CSG,,Robyn Relph,,Grant Gie,Simon Fuerst,Robyn Relph,AM Sid,Maria De Freitas,AM Sid,Robyn Relph,Robyn Relph,Robyn Relph,
5,FOB,Amazon FBA,Amazon FBA,FOB,,Houston Warehouse,Amazon FBA,Amazon FBA,Amazon FBA,Amazon FBA,,FOB,Houston Warehouse,Houston Warehouse,Houston Warehouse,Houston Warehouse,Houston Warehouse,Houston Warehouse,Houston Warehouse,FOB,FOB,FOB,Houston Warehouse,Amazon FBA,Houston Warehouse,FOB,Houston Warehouse,FOB,Houston Warehouse,Houston Warehouse,Amazon FBA,Amazon FBA,Houston Warehouse,Houston Warehouse,Houston Warehouse,Amazon FBA,Amazon FBA,Houston Warehouse,Amazon FBA,Houston Warehouse,Amazon FBA,Amazon FBA,Amazon FBA,Houston Warehouse,Houston Warehouse,FOB,Amazon FBA,Houston Warehouse,FOB,Houston Warehouse,Houston Warehouse,FOB,FOB,Houston Warehouse,Houston Warehouse,Amazon FBA,FOB,Amazon FBA,FOB,Amazon FBA,Amazon FBA,Amazon FBA,Houston Warehouse,Houston Warehouse,Houston Warehouse,FOB,Houston Warehouse,FOB,Houston Warehouse,,FOB,Houston Warehouse,Houston Warehouse,Houston Warehouse,Amazon FBA,Houston Warehouse,Houston Warehouse,Houston Warehouse,Houston Warehouse,Houston Warehouse,Houston Warehouse,Amazon FBA,Houston Warehouse,Houston Warehouse,FOB,Houston Warehouse,Houston Warehouse,FOB,Amazon FBA,Houston Warehouse,Houston Warehouse,ARROW MILL,Houston Warehouse,Houston Warehouse,Houston Warehouse,Houston Warehouse,ARROW MILL,Amazon FBA,Houston Warehouse,Amazon FBA,Amazon FBA,FOB,Amazon FBA,Amazon FBA,Houston Warehouse,FOB,Houston Warehouse,Houston Warehouse,Houston Warehouse,Houston Warehouse,Houston Warehouse,FOB,Houston Warehouse,Amazon FBA,Amazon FBA,Amazon FBA,Amazon FBA,Amazon FBA,Amazon FBA,Amazon FBA,Amazon FBA,Houston Warehouse,FOB,Amazon FBA,Amazon FBA,Amazon FBA,Amazon FBA,Amazon FBA,Amazon FBA,Amazon FBA,FOB,Amazon FBA,Houston Warehouse,Houston Warehouse,Amazon FBA,Amazon FBA,Houston Warehouse,Amazon FBA,Amazon FBA,Houston Warehouse,Houston Warehouse,Houston Warehouse,Amazon FBA,Amazon FBA,Houston Warehouse,Houston Warehouse,FOB,Amazon FBA,FOB,Houston Warehouse,Houston Warehouse,Houston Warehouse,Amazon FBA,FOB,Houston Warehouse,Houston Warehouse,Houston Warehouse,Amazon FBA,Houston Warehouse,Amazon FBA,FOB,FOB,Houston Warehouse,Amazon FBA,Amazon FBA,Amazon FBA,FOB,Amazon FBA,Amazon FBA,Houston Warehouse,Houston Warehouse,Houston Warehouse,Amazon FBA,FOB,Houston Warehouse,Houston Warehouse,Amazon FBA,Houston Warehouse,FOB,Houston Warehouse,Houston Warehouse,,FOB,Houston Warehouse,Houston Warehouse,Houston Warehouse,Amazon FBA,Amazon FBA,Amazon FBA,Houston Warehouse,Amazon FBA,,FOB,FOB,FOB,Houston Warehouse,,FOB,FOB,,Amazon FBA,Houston Warehouse,FOB,Houston Warehouse,Houston Warehouse,Houston Warehouse,Amazon FBA,Houston Warehouse,FOB,Amazon FBA,FOB,Houston Warehouse,Amazon FBA,Houston Warehouse,FOB,FOB,Houston Warehouse,FOB,FOB,Houston Warehouse,Amazon FBA,Amazon FBA,FOB,Amazon FBA,FOB,Houston Warehouse,,Houston Warehouse,FOB,FOB,Houston Warehouse,Amazon FBA,Amazon FBA,Houston Warehouse,Houston Warehouse,,Houston Warehouse,Houston Warehouse,Amazon FBA,Amazon FBA,Houston Warehouse,Houston Warehouse,Houston Warehouse,Houston Warehouse,FOB,FOB,Houston Warehouse,FOB,Houston Warehouse,Houston Warehouse,Amazon FBA,FOB,FOB,Houston Warehouse,FOB,Houston Warehouse,Amazon FBA,Houston Warehouse,Amazon FBA,Houston Warehouse,Amazon FBA,Amazon FBA,Amazon FBA,Houston Warehouse,Houston Warehouse,FOB,Houston Warehouse,Houston Warehouse,Houston Warehouse,,Amazon FBA,,FOB,Houston Warehouse,Amazon FBA,Houston Warehouse,FOB,Houston Warehouse,Amazon FBA,Amazon FBA,Amazon FBA,
6,,,,,,,,,,,,,,,,,,,,,,,,,,,,,,,,,,,,,,,,,,,,,,,,,,,,,,,,,,,,,,,,,,,,,,,,,,,,,,,,,,,,,,,,,,,,,,,,,,,,,,,,,,,,,,,,,,,,,,,,,,,,,,,,,,,,,,,,,,,,,,,,,,,,,,,,,,,,,,,,,,,,,,,,,,,,,,,,,,,,,,,,,,,,,,,,,,,,,,,,,,,,,,,,,,,,,,,,,,,,,,,,,,,,,,,,,,,,,,,,,,,,,,,,,,,,,,,,,,,,,,,,,,,,,,,,,,,,,,,,,,
7,,5058654651,7139572413,,,,3057831655,4439605885,5017679351,7167316800,,,,(312) 307-1666,(601) 992-9925,#ERROR!,(320) 260-8600,,(303) 601-4534,8458037108,,,,8002287450,,,,,,(304) 939-6823,3012878870,7027994800,,614-600-7979,,5402923135,9413501357,(206) 235-2722,6187419926,,,3472322751,5597790940,5160000000.0,(320) 260-8600,17900000000.0,4128493033,,,,,,,,,6016926640,,3205845982,,3603961596,6099698221,6097602393,,,,,,,,,,5093016677,3023835273,,3104846255,251.645.7389,,,,,(231) 271-6033,4076446997,(847) 445-0565,2819911905,,515.250.5711,,,,,,,(858) 551-1070,,(651) 426-0625,,,6193829285,,7410000000.0,9082849699,,9086752291,12500000000.0,,,,952-932-7148,(246) 436-1231 Fax,(406) 862-5668,,,631-736-3630,5406591349,8062926580,7748437509,2096072825,9187529032,4252686209,7023284004,6024027742,,5308651145,3045305511,3372884264,6073416915,8317375739,2102463251,8588051206,9086700598,9495565378,5078243335,(320) 260-8600,(605) 275-4825,4103793800,9125732380,,4356736712,9285255220,800-333-7460,(406) 580-4781,(515) 240-5990,6167748789,3106998997,,,,9452401561,7605250224,(312) 307-1666,#ERROR!,(719) 578-5549,4799964249,7632108799,(225) 620-2708,(228) 255-7800,(320) 260-8600,6516210376,(406) 370-5370,8457295099,8478185350,6316804392,,4437891537,5403825114,7145396354,,6018452127,3525271808,,(718) 383-4337,,9042661214,,,,9099040543,,8017010872,,,,,,(907) 522-8184,,4804828547,3107337970,9499107056,,4107573090,,,,,,,,,,8456615288,309/695-4621,4176589123,(952) 932-7148,,,3165542265,,6103928148,1941782460,,,2513915792,2524432070,9365819898,5735908400,(309) 467-5467,,6014545123,(717) 354-8222,6022991497,4342964118,8324449551,3365998941,,,,(206) 235-2722,,7274679622,6083935184,5092881514,7609006819,,,,,,5205682280,15300000000.0,(800) 467-6222,,#ERROR!,(707) 337-6931,,,,6102604633,,,7605294975,,,(248) 562-7524,,,(610) 459-5710,,7168768108,,5864396500,6029086345,5058522154,,,,,,,,3342089994,,,(320) 260-8600,7184244374,,,7065662448,7323708090,3053755228,3053755228,
8,,,,,,,,,,,,,,lisak@diversemail.com,appleanniesgiftshop@gmail.com,,eva@ketzassociates.com,,erinbenham@gmail.com,,,,,,,,,,,bowlovewv@yahoo.com,,,,jim@buckeyesupplies.com,,,,weaverrep@gmail.com,,,iblevnuh2h3a1@yahoo.com,,,,eva@ketzassociates.com,christophe_mennes@hotmail.com,,,,,,,,,,,,,,,,,,,,,,,,,,,,,,Sherry.mcpherson@er.email; purchasing@er.email,,,,,enerdyne@gmail.com,,territhompson908@outlook.com,,,lizward718@gmail.com,,,supplies@fvrl.org,,,,office@geppettostoys.com,,marnie@shopgoodthings.com,,,,,,,,,deedrame@gmail.com,,,,,cary@imartstores.com,whitefishtoys@gmail.com,,,islandschool@educationalmaterial.com; rthompson@educationalmaterial.com,,,,,,,319dc5965a0b36eb9955@members.ebay.com,,,,,,,,,,,,,eva@ketzassociates.com,sheryl@kidtopiakids.com,,,,,,shannon@educational-marketing.com,charlie@mountaintoys.net,nickolem@diversemail.com,,,,,,,,lisak@diversemail.com,,noelle@poorrichardsdowntown.com,,,karimillet@diversemail.com,amanda@lovesgiftsandapparel.com,eva@ketzassociates.com,,mainstreettoys@bitterrootdrug.com,,,,,,,,,,,,nancytoys738@yahoo.com,,,,,,,,,,,,,,accounting@overtherainbowtoys.com,,,,,,,,,,,,,,,,,vkrost@rainbowresource.com,,(952) 932-7148,,,,,,,,,,,,,sfrank60@frontier.com,,,accounting@shady-maple.com,,,,,,,,weaverrep@gmail.com,,,,,,,,,,,,tjwilco@gmail.com,melanie@tfhusa.com,,,mike@goldensales.com,,,,,,,,,,info@toyologytoys.com,,,ebmaletsky@yahoo.com,,,ggzzbermea@hotmail.com,,,,,,,,,,,,,,eva@ketzassociates.com,,,,,,,,
9,60 Days,0 Days,0 Days,T/T against BL Copy,T/T against BL Copy,90 Days,0 Days,0 Days,0 Days,0 Days,60 Days,90 Days,30 Days,30 Days,T/T against BL Copy,0 Days,30 Days,30 Days,30 Days,0 Days,30 Days,30 Days,30 Days,0 Days,30 Days,60 Days,30 Days,90 Days,30 Days,T/T against BL Copy,0 Days,0 Days,30 Days,T/T against BL Copy,30 Days,0 Days,0 Days,30 Days,0 Days,30 Days,0 Days,0 Days,0 Days,0 Days,T/T against BL Copy,0 Days,0 Days,0 Days,0 Days,0 Days,60 Days,30 Days,Letter of Credit,0 Days,0 Days,0 Days,90 Days,0 Days,30 Days,0 Days,0 Days,0 Days,60 Days,0 Days,30 Days,60 Days,0 Days,90 Days,120 Days,60 Days,Letter of Credit,0 Days,0 Days,30 Days,0 Days,30 Days,30 Days,30 Days,30 Days,30 Days,30 Days,0 Days,T/T against BL Copy,0 Days,45 Days,30% Deposit - 70% Against BOL,60 Days,45 Days,0 Days,30 Days,30 Days,Paid Before Collect Goods,30 Days,30 Days,30 Days,30 Days,30 Days,0 Days,30 Days,0 Days,0 Days,30 Days,0 Days,0 Days,60 Days,60 Days,60 Days,30 Days,30 Days,60 Days,2% 30 Net 31,0 Days,30 Days,0 Days,0 Days,0 Days,0 Days,0 Days,0 Days,0 Days,0 Days,30 Days,0 Days,0 Days,0 Days,0 Days,0 Days,0 Days,0 Days,0 Days,0 Days,0 Days,30 Days,0 Days,0 Days,0 Days,30 Days,0 Days,0 Days,30 Days,30 Days,T/T against BL Copy,0 Days,0 Days,30 Days,60 Days,30% Deposit - 70% Against BOL,0 Days,0 Days,T/T against BL Copy,0 Days,T/T against BL Copy,0 Days,0 Days,T/T against BL Copy,T/T against BL Copy,30 Days,0 Days,T/T against BL Copy,0 Days,0 Days,0 Days,30 Days,0 Days,0 Days,0 Days,90 Days,0 Days,0 Days,60 Days,T/T against BL Copy,T/T against BL Copy,0 Days,Letter of Credit,30 Days,30 Days,0 Days,60 Days,0 Days,30 Days,30 Days,60 Days,30% Deposit - 70% Against BOL,30 Days,30 Days,30 Days,0 Days,0 Days,0 Days,30 Days,0 Days,30 Days,60 Days,60 Days,60 Days,90 Days,60 Days,30 Days,30 Days,60 Days,0 Days,30 Days,0 Days,30 Days,30% Deposit - 70% Against BOL,Paid Before Collect Goods,0 Days,90 Days,0 Days,0 Days,60 Days,30 Days,0 Days,0 Days,0 Days,0 Days,T/T against BL Copy,33% Deposit - 33% Before Shipment - 34% BOL,0 Days,30 Days,0 Days,0 Days,0 Days,0 Days,60 Days,30 Days,60 Days,30 Days,Letter of Credit,0 Days,0 Days,0 Days,0 Days,45 Days,60 Days,60 Days,60 Days,30 Days,0 Days,0 Days,30 Days,30 Days,0 Days,30 Days,30 Days,60 Days,30 Days,0 Days,30 Days,30 Days,0 Days,30% Deposit - 70% Before Shipment,30 Days,30 Days,50% Deposit - 50% Upon Goods Pick Up,50% Deposit - 50% Upon Goods Pick Up,0 Days,30 Days,0 Days,T/T against BL Copy,0 Days,0 Days,0 Days,30 Days,30 Days,30% Deposit - 70% Against BOL,90 Days,60 Days,120 Days,120 Days,0 Days,60 Days,90 Days,T/T against BL Copy,0 Days,0 Days,Letter of Credit,0 Days,0 Days,0 Days,0 Days,
